Year,Month,Lat,Lon,SST,Chla,SSH,SOI,SSS,DO,BT,Q,E
2014,4,27,120.75,17.00298,5.712811,-0.0953,0,29.29,10.368,15.482,0.220546072,0
2014,4,27,121.25,18.02365,1.2603213,-0.0561,0,31.92,8.844,19.203,30.96466852,0.749856645
2014,4,27.25,120.75,17.00833,9.70786,-0.1171,0,31.2,9.2,17.2,0,0
2014,4,27.25,121,16.93667,5.2691584,-0.098,0,30.479,9.62,15.199,0,0
2014,4,27.25,121.25,17.02032,2.1725903,-0.0746,0,30.73,9.943,16.672,2.470116007,0.940996574
2014,4,27.75,121,16.46066,7.0634327,-0.1249,0,26.914,8.418,16.262,0.338170644,0
2014,4,27.75,121.25,16.01165,3.5388856,-0.0906,0,28.659,11.255,13.644,0.132327643,0.242600679
2014,4,27.75,122,16.70165,2.3534656,-0.0238,0,30.71,10.311,18.658,32.38685652,0
2014,4,28,121.25,15.96398,16.404373,-0.0991,0,27.198,8.389,15.788,0,0
2014,4,28,121.5,15.767,5.8408,-0.0674,0,27.81,9.646,13.381,4.802785401,0
2014,4,28,121.75,15.75866,4.6092744,-0.0435,0,30.305,10.09,14.329,8.302910949,0.428118846
2014,4,28,122.25,16.61233,1.1778485,-0.019,0,32.811,8.859,17.595,9.329098849,0
2014,4,28.25,121.75,15.50765,7.284772,-0.0688,0,29.092,8.66,13.768,3.182164754,0
2014,4,28.25,122,15.358,2.5366297,-0.0456,0,31.51,9.097,14.932,3.184133916,0.740585875
2014,4,28.25,122.25,15.67367,2.0887146,-0.0204,0,31.987,9.21,17.257,37.21714966,12.9432976
2014,4,28.25,122.5,16.34432,1.365379,-0.0034,0,32.882,8.824,17.731,5.634596422,6.65307647
2014,4,28.5,122,15.10467,5.0481157,-0.0466,0,29.975,8.549,14.65,4.651517156,1.497040004
2014,4,28.5,122.25,15.23165,2.504034,-0.0234,0,31.577,9.234,15.644,9.58234658,3.43747671
2014,4,28.5,122.5,15.72134,1.3869313,-0.0005,0,32.322,9.005,17.605,29.46495523,13.37979504
2014,4,28.5,122.75,15.99832,1.6030458,0.0184,0,31.899,9.068,17.654,0,27.90849789
2014,4,28.75,122,14.91,4.556863,-0.0565,0,29.749,8.253,14.445,4.919061316,0.483994068
2014,4,28.75,122.25,14.84066,3.328512,-0.0337,0,30.92,8.951,14.843,1.707453461,0.668133963
2014,4,28.75,122.5,15.237,1.9694793,-0.0083,0,31.613,9.248,17.342,79.20360813,5.382374378
2014,4,28.75,122.75,15.42965,1.5468043,0.0175,0,32.431,8.818,17.422,7.443429933,9.045290877
2014,4,29,121.75,15.11065,10.208176,-0.0634,0,28.348,8.582,14.931,3.729233582,4.504486442
2014,4,29,122,14.65865,6.176201,-0.0634,0,29.15,8.8,13.56,16.59593023,5.503950362
2014,4,29,122.25,14.353,3.1791162,-0.0386,0,29.954,9.07,12.196,9.380559599,0
2014,4,29,122.5,14.6703,2.2638521,-0.0083,0,30.331,9.639,15.483,3.969829297,9.395059402
2014,4,29,123,15.00332,2.6744003,0.0418,0,31.095,10.342,16.652,14.3906312,2.453575052
2014,4,29.25,122.25,13.91265,4.5242796,-0.0436,0,29.141,9.234,12.043,0,0
2014,4,29.25,122.5,14.02734,3.5831544,0.0021,0,30.17,10.743,15.572,0,0.085372673
2014,4,29.25,122.75,14.39733,2.6266427,0.0353,0,31.602,9.801,15.825,2.266301016,1.308066359
2014,4,29.25,123,14.5883,1.9469167,0.0548,0,30.336,9.808,15.845,20.01251395,20.76400427
2014,4,29.25,123.25,14.613,2.32807,0.0389,0,30.253,10.387,15.7,45.07844535,0.213431683
2014,4,29.5,122.25,13.52133,9.628268,-0.0414,0,28.578,8.829,12.458,0,0
2014,4,29.5,122.5,13.56533,3.692254,0.0094,0,29.107,9.612,11.504,3.689134297,0
2014,4,29.5,122.75,14.014,2.0663505,0.051,0,29.656,9.639,14.277,4.673192446,0
2014,4,29.5,123,14.33398,2.6464076,0.0572,0,31.372,9.732,15.644,12.19018289,6.856977877
2014,4,29.5,123.25,14.35766,1.7929696,0.041,0,30.244,10.285,15.563,15.5585229,0.748520002
2014,4,29.75,122.25,13.094,12.563837,-0.0255,0,29.779,9.7465,13.7,2.278976078,0.073515357
2014,4,29.75,122.5,13.32833,6.985816,0.0206,0,29.314,9.208,11.823,6.704600591,0.6553369
2014,4,29.75,122.75,13.74133,2.639051,0.055,0,29.844,9.841,14.685,7.498566451,0.793965859
2014,4,29.75,123,14.08932,3.4986796,0.052,0,20.894,10.23,15.309,5.719969095,4.097888307
2014,4,29.75,123.25,14.13766,1.6921692,0.0352,0,30.801,10.155,14.887,31.95712584,0
2014,4,30,122.75,13.45266,2.3499846,0.0287,0,30.104,10.277,11.926,4.009928583,0.922283574
2014,4,30,123,13.7653,2.166109,0.0297,0,30.294,11.885,13.997,4.646170585,9.571699528
2014,4,30,123.25,13.99334,1.5925678,0.0134,0,30.985,11.126,12.924,7.807330951,9.990737065
2014,4,30,123.5,14.017,0.9537267,-0.003,0,31.146,11.149,13.161,14.94672237,1.63834225
2014,4,30.25,121.5,13.772,3.7824974,0.0242,0,30.661,9.9975,12.849,0,0.413523885
2014,4,30.25,122.25,12.94967,10.666152,-0.1158,0,30.7795,11.3235,12.7145,0.914459323,0.032275035
2014,4,30.25,122.75,13.2523,4.402776,-0.0372,0,30.337,8.869,12.774,0,0.041352389
2014,4,30.25,123,13.44366,3.061755,-0.0031,0,30.413,11.498,12.268,12.38235764,0.653575242
2014,4,30.25,123.25,13.70434,2.1973612,-0.0061,0,31.148,11.126,12.956,33.94986632,18.38358227
2014,4,30.5,122.75,13.28265,2.7672925,-0.0844,0,30.64,9.117,12.935,0,0.145414993
2014,4,30.5,123,13.393,2.5122328,-0.0358,0,30.434,9.917,12.527,0,11.83597253
2014,4,30.5,123.25,13.594,1.6346997,-0.0158,0,30.299,10.865,12.904,4.234484584,22.38227566
2014,4,30.5,123.5,13.73333,1.3447652,-0.0234,0,30.955,10.213,13.102,0,4.342000794
2014,4,30.5,123.75,13.83566,1.078953,-0.0294,0,22.931,10.557,12.969,30.02367195,47.74173795
2014,4,30.75,121.5,14.335,6.6310105,0.1863,0,27.3,9.648,13.01,0,0.106931429
2014,4,30.75,122.75,13.26266,4.1261153,-0.1086,0,31.674,8.739,13.051,0.415443051,0
2014,4,30.75,123,13.38433,1.8444833,-0.0605,0,30.974,9.268,12.588,2.234866864,2.470116007
2014,4,30.75,123.5,13.63867,2.2168128,-0.0143,0,31.127,9.847,12.71,11.45264246,40.3857093
2014,4,31,122.5,13.566,6.3914046,-0.1647,0,23.68,8.921,13.361,0.86921099,0
2014,4,31,122.75,13.30566,4.1947937,-0.0985,0,26.474,8.842,12.553,13.10303134,0.129732984
2014,4,31,123,13.35732,2.3898966,-0.0467,0,30.5,10.081,12.6,11.55127269,0
2014,4,31,123.25,13.469,2.3016517,-0.0065,0,30.82,9.517,12.355,21.55368318,8.902180952
2015,4,27,120.75,17.07964,2.9665954,-0.0786,0.7,30.747,8.832,16.157,8.43,0.2
2015,4,27.5,121,16.51632,4.2358155,-0.0375,0.7,29.473,8.51,15.097,0,0
2015,4,27.25,121,16.83834,2.9661646,-0.0459,0.7,30.002,9.697,15.261,0,0.33
2015,4,27,121,17.18398,1.8976938,-0.0679,0.7,30.776,9.09,17.347,42.06,2.4
2015,4,27.75,121.25,16.014,8.636146,-0.0406,0.7,29.087,8.592,14.573,0,1.1
2015,4,27.5,121.25,16.30767,4.110974,-0.0465,0.7,29.877,8.632,15.235,0,3.68
2015,4,27,121.25,17.518,1.2622893,-0.0522,0.7,30.685,8.928,17.261,5.22,0
2015,4,28,121.5,15.73733,9.755796,-0.0497,0.7,29.489,8.536,14.295,5.57,0
2015,4,27.5,121.5,16.31698,2.267506,-0.0614,0.7,30.712,8.849,17.796,4.78,0
2015,4,28.5,121.75,15.66067,6.9400945,-0.0849,0.7,29.208,8.756,13.857,0,0
2015,4,28.25,121.75,15.47698,6.0944486,-0.0669,0.7,28.922,8.682,13.88,0,1.42
2015,4,28,121.75,15.56732,3.9700842,-0.0676,0.7,32.721,7.878,16.389,2.58,0
2015,4,27.75,121.75,16.04333,2.413319,-0.0732,0.7,29.901,9.917,16.619,0,2.36
2015,4,28.75,122,15.12032,4.607972,-0.1053,0.7,28.836,8.831,13.433,1.32,0
2015,4,28.25,122,15.36166,9.2471485,-0.083,0.7,30.654,8.885,16.638,4.22,1.87
2015,4,28,122,15.86498,3.3244412,-0.0829,0.7,31.006,9.728,17.341,27.27,8.94
2015,4,30.75,122.25,14.177,4.279056,-0.1859,0.7,14.953,9.223,13.17,0,0
2015,4,29.5,122.25,14.15032,6.3206973,-0.1622,0.7,26.84,8.3,15.04,0,0.12
2015,4,29,122,14.97833,4.954059,-0.122,0.7,28.095,8.6,14.453,1.89,0
2015,4,29,122.25,14.685,4.1224384,-0.1165,0.7,29.35,8.889,13.866,0.155,0.135
2015,4,28.75,122.25,14.98232,3.700782,-0.104,0.7,30.405,8.76,13.796,7.37,0
2015,4,28.5,122.25,15.28033,3.4311397,-0.0865,0.7,30.747,9.57,17.506,17.36,0
2015,4,28.25,122.25,15.80267,3.610285,-0.0791,0.7,30.632,9.018,18.487,4.82,5.93
2015,4,28,122.25,16.867,2.0061526,-0.0928,0.7,30.869,9.363,18.065,2.72,43.1
2015,4,31,122.5,14.14565,4.111989,-0.0785,0.7,16.432,8.935,12.705,0,0
2015,4,30.5,122.5,14.01165,5.7833695,-0.0284,0.7,25.515,8.251,13.963,0,0
2015,4,30,122.5,13.99566,4.729249,-0.0846,0.7,26.84,8.633,13.647,0,0
2015,4,29.75,122.5,14.12234,5.36509,-0.1238,0.7,27.284,8.436,14.653,2.8,2.41
2015,4,29.75,122.25,13.867,8.428686,-0.1784,0.7,27.56,8.469,14.749,1.37,0
2015,4,29.5,122.5,14.28265,3.3785286,-0.1004,0.7,27.839,8.502,14.845,4.355,1.11
2015,4,29.25,122.5,14.52932,4.0375295,-0.1103,0.7,31.83,2.538,14.571,5.46,0
2015,4,29,122.5,14.854,3.379647,-0.1084,0.7,31.686,9.825,15.398,53.56,5.43
2015,4,28.75,122.5,15.2093,2.5781558,-0.1007,0.7,31.851,11.342,18.12,3.97,29.56
2015,4,28.5,122.5,15.67266,3.1230273,-0.0888,0.7,31.095,9.197,18.162,8.01,31.71
2015,4,28.25,122.5,16.68966,1.7878621,-0.0783,0.7,31.451,9.284,18.43,48.07,84.72
2015,4,31,123,14.16366,3.235987,-0.0415,0.7,19.917,9.013,14.392,0,0
2015,4,30.75,122.75,14.14565,3.2563746,0.0161,0.7,28.046,8.292,13.677,0,0.14
2015,4,30.5,122.75,14.26565,3.3137987,-0.0146,0.7,26.441,7.907,14.532,0,0.03
2015,4,30.25,122.75,14.27667,2.677455,-0.024,0.7,28.601,8.099,14.326,0,0
2015,4,30.25,123,14.55633,2.0279288,-0.0286,0.7,30.001,8.783,15.163,0,1.28
2015,4,30,122.75,14.37933,2.4138973,-0.0316,0.7,28.334,8.08,15.503,2.23,1.48
2015,4,30,123,14.69866,2.2711194,-0.0426,0.7,29.965,9.094,15.753,7.6,0.52
2015,4,29.75,122.75,14.47433,2.8390915,-0.0474,0.7,27.848,8.63,15.904,0,0.5
2015,4,29.5,122.75,14.57665,3.8755238,-0.0829,0.7,28.682,8.848,15.738,2.62,2.75
2015,4,29.25,122.75,14.848,3.2331257,-0.0956,0.7,32.122,9.709,16.191,27.68,12.92
2015,4,29,122.75,15.17632,2.7691965,-0.1017,0.7,32.697,8.978,16.596,44.94,11.13
2015,4,28.75,122.75,15.58734,2.3950377,-0.098,0.7,31.447,9.479,18.007,0,0.22
2015,4,28.5,122.75,16.21966,1.2504053,-0.0925,0.7,30.914,9.044,18.041,24.26,8.91
2015,4,31,123,14.16366,3.235987,-0.0415,0.7,19.917,9.013,14.392,7.1,4.11
2015,4,30.5,123,14.53033,2.3715308,-0.0103,0.7,25.039,8.123,14.717,0,0
2015,4,30,123,14.69866,2.2711194,-0.0426,0.7,29.965,9.094,15.753,8.82,0
2015,4,29.75,123,14.85766,3.2395375,-0.0608,0.7,29.707,9.677,16.371,0,2.93
2015,4,29.5,123,14.98998,2.5058253,-0.0792,0.7,29.257,8.588,16.915,25.69,0
2015,4,29.25,123,15.22,3.808542,-0.0897,0.7,30.883,11.527,17.729,19.94,15.74
2015,4,29,123,15.582,3.3356037,-0.0963,0.7,32.309,9.474,18.346,9.86,9.44
2015,4,31,123.25,14.20098,2.8184674,-0.0693,0.7,31.477,8.937,14.285,40.905,0.04
2015,4,30.5,123.25,14.68398,1.3984531,-0.0387,0.7,32.376,8.308,14.84,33.54,1.76
2015,4,30,123.25,14.91732,2.3017437,-0.0562,0.7,30.236,8.995,15.914,9.54,0
2015,4,29.75,123.25,15.15667,7.3290286,-0.071,0.7,32.519,9.182,16.462,67.33,0.52
2015,4,29.5,123.25,15.37866,2.772711,-0.0952,0.7,31.595,9.724,17.127,192.37,1.01
2015,4,29.25,123.25,15.617,1.462192,-0.0975,0.7,32.064,9.579,17.905,2.06,0
2015,4,30.5,123.5,14.732,1.429289,-0.0641,0.7,32.334,9.048,14.529,20.13,2.36
2015,4,30.25,123.5,14.88598,1.7235583,-0.0606,0.7,31.963,8.508,15.604,9.27,0
2015,4,30,123.5,15.092,1.8020501,-0.0701,0.7,31.554,8.883,15.886,7.72,0
2015,4,30.5,123.75,14.642,1.819335,-0.0509,0.7,32.865,8.906,13.809,41.17,0.66
2016,4,27,120.5,16.19534,3.0245886,-0.0843,0.9,28.091,9.265,14.41,0,0
2016,4,27.5,120.75,15.93334,3.863634,-0.0432,0.9,24.238,8.479,14.923,1.86,0
2016,4,27.25,120.75,15.913,5.5656986,-0.0584,0.9,26.5,9.168,14.3815,0,0
2016,4,27.25,121,15.79565,5.063478,-0.0243,0.9,28.748,9.857,13.84,1.3,0
2016,4,27.75,121,15.695,3.2140012,-0.0241,0.9,27.117,8.675,13.96,0,0
2016,4,27.5,121,15.594,3.829657,-0.0183,0.9,28.772,9.569,14.075,0,0
2016,4,27.25,121,15.79565,5.063478,-0.0243,0.9,28.748,9.857,13.84,1.96,0
2016,4,27,121,16.31533,3.6271648,-0.0369,0.9,30.449,9.683,17.039,15.16,0
2016,4,27.5,121.25,15.57534,3.2548084,0.0048,0.9,28.319,10.281,14.011,2.67,0
2016,4,27.25,121.25,16.07165,2.3477361,-0.0079,0.9,28.808,9.794,14.56,2.79,0.4
2016,4,27,121.25,16.676,2.147311,-0.0239,0.9,30.878,9.941,17.537,0,0
2016,4,28,121.5,15.20666,3.4642148,-0.0123,0.9,27.587,8.742,13.678,4.205,0
2016,4,27.75,121.5,15.47732,2.2721393,0.0049,0.9,30.009,9.715,14.058,1.96,0.91
2016,4,27.5,121.5,15.93667,2.1512864,0.0146,0.9,29.01,10.943,15.242,1.78,0.51
2016,4,27.25,121.5,16.43066,2.129116,0.009,0.9,29.276,9.5,14.377,2.78,0
2016,4,27,121.5,17.0543,0.52463907,-0.0078,0.9,28.178,9.8265,15.1,5.31,0.12
2016,4,28.75,122,14.59664,4.0930185,-0.0906,0.9,28.543,9.293,14.696,0,0
2016,4,28.5,121.75,14.78698,10.299417,-0.0657,0.9,27.346,8.71,14.957,0,0
2016,4,28.25,121.75,14.80932,2.5269206,-0.0236,0.9,25.671,9.898,13.898,0,1.91
2016,4,28,121.75,15.04867,2.2495499,-0.009,0.9,28.478,10.969,14.151,3.815,1.08
2016,4,27.75,121.75,15.65234,2.1330097,0.0132,0.9,30.266,9.544,16.8,11.34,4.24
2016,4,28.5,122,14.69433,3.5066187,-0.017,0.9,28.617,8.861,14.24,0,4.65
2016,4,28.25,122,14.874,2.0469098,0.0171,0.9,28.545,14.952,14.183,8.77,1.01
2016,4,28,122,15.336,1.8342103,0.0062,0.9,29.435,11.656,16.953,1.42,1.94
2016,4,27.75,122,16.17565,1.226706,-0.0025,0.9,30.759,10.298,17.656,18.34,2.27
2016,4,29,122,14.53466,5.727435,-0.1711,0.9,30.3465,10.68,17.1155,3.42,0
2016,4,29,122.25,14.401,4.082719,-0.1159,0.9,29.934,11.063,16.575,14.69,14.645
2016,4,28.75,122.25,14.61898,3.4399426,-0.0454,0.9,29.607,10.131,17.502,0,0.96
2016,4,28.5,122.25,15.02566,2.296095,0.0274,0.9,29.267,10.817,17.395,8.81,21.31
2016,4,28.25,122.25,15.50732,1.0738535,0.0352,0.9,29.864,9.898,18.33,17.05,76.83
2016,4,28,122.25,16.16265,3.1528373,0.0134,0.9,31.416,10.583,17.571,0.86,4.22
2016,4,29.75,122.5,13.77798,5.9297915,-0.0737,0.9,29.519,10.147,14.399,0.66,1.12
2016,4,29.5,122.5,14.09432,3.248838,-0.0736,0.9,28.47,8.55,14.932,0.95,0
2016,4,29.25,122.5,14.3813,2.8581254,-0.0877,0.9,29.819,9.816,16.403,0,0
2016,4,30.25,122.5,13.5413,4.131232,0.0289,0.9,23.632,8.636,13.879,0,0
2016,4,29,122.5,14.6703,2.8942912,-0.0545,0.9,30.12,10.067,17.571,3.43,30.2
2016,4,28.5,122.5,15.56567,2.7275615,0.0363,0.9,30.189,10.395,17.585,0,130.49
2016,4,28.25,122.5,16.24832,0.8836495,0.0355,0.9,30.966,9.414,17.532,10.93,267.45
2016,4,31,123,13.8083,4.967937,0.091,0.9,27.725,9.044,17.303,0,0
2016,4,30.75,122.75,13.56698,3.913366,0.0377,0.9,30.432,7.871,16.635,0,0.32
2016,4,30.5,122.75,13.68466,3.0305083,0.0288,0.9,26.838,8.235,17,9.19,0
2016,4,30,122.75,14.01733,3.2663293,0.0337,0.9,28.811,10.641,15.921,0,0
2016,4,30,123,14.307,9.086996,0.0316,0.9,30.927,10.164,17.672,0,0.59
2016,4,29.75,122.75,14.22,3.6484227,0.0332,0.9,29.105,10.39,16.704,1.29,0
2016,4,29.5,122.75,14.49734,2.7499003,-0.0153,0.9,29.148,9.782,16.895,8.32,0
2016,4,29.25,122.75,14.80667,2.912281,-0.0159,0.9,29.365,9.939,16.825,4.67,1.16
2016,4,30.25,122.75,13.835,3.389589,0.072,0.9,29.72,8.485,15.878,0,0
2016,4,30.25,123,14.12466,2.0721867,0.0333,0.9,30.234,8.348,16.579,2.43,0.1
2016,4,29,122.75,15.1273,2.3347423,-0.0021,0.9,30.103,9.905,17.53,24.25,29.38
2016,4,28.75,122.75,15.40432,2.025911,0.0243,0.9,30.813,9.816,17.366,11.36,3.68
2016,4,28.5,122.75,15.95864,2.2485332,0.0303,0.9,31.184,9.644,17.41,1.68,72.59
2016,4,31,123,13.8083,4.967937,0.091,0.9,27.725,9.044,17.303,0,0
2016,4,30.75,123,13.861,3.5425713,0.0855,0.9,29.72,8.84,17.497,0,0
2016,4,30,123,14.307,9.086996,0.0316,0.9,30.927,10.164,17.672,3.01,4.67
2016,4,29.75,123,14.55767,6.0099792,0.0477,0.9,29.178,10.579,17.404,7.44,0
2016,4,29.5,123,14.84365,2.475572,0.0471,0.9,28.728,9.798,17.555,14.97,2.26
2016,4,29.25,123,15.19164,2.386461,0.0513,0.9,29.302,10.283,17.022,4.41,0.63
2016,4,30.5,123,14.025,3.884512,0.0633,0.9,27.976,10.628,17.462,14,0.95
2016,4,30.25,123,14.12466,2.0721867,0.0333,0.9,30.234,8.348,16.579,0,0
2016,4,29,123,15.52532,1.686489,0.0485,0.9,31.511,9.244,17.3,3.87,21.94
2016,4,31,123.25,13.96166,2.8960118,0.0341,0.9,29.444,9.487,15.679,2.14,8.27
2016,4,30,123.25,14.562,2.4665275,0.057,0.9,31.257,10.268,17.72,6.97,0
2016,4,29.75,123.25,14.81667,2.2220464,0.0492,0.9,29.098,10.32,17.941,28.56,1.62
2016,4,29.5,123.25,15.16265,2.8983095,0.0433,0.9,30.237,9.741,17.893,19.14,0.12
2016,4,29.25,123.25,15.51998,1.657763,0.0656,0.9,29.074,10.102,17.37,0,0
2016,4,30.5,123.25,14.31765,3.6417947,0.0682,0.9,29.213,11.685,17.706,0,0.83
2016,4,30.25,123.25,14.39132,2.3655663,0.0583,0.9,33.042,9.337,17.693,5.03,3.44
2016,4,30.75,123.5,14.166,2.8875651,0.0849,0.9,30.806,9.991,15.505,0,4.2
2016,4,30,123.5,14.65234,1.7142621,0.0915,0.9,31.042,10.232,17.427,4.91,1.61
2016,4,30.5,123.5,14.42565,1.0037386,0.0935,0.9,30.333,10.386,15.831,7.04,6.09
2016,4,30.25,123.5,14.53567,1.9352219,0.0967,0.9,31.432,10.255,17.58,55.21,1
2016,4,30.5,123.75,14.25433,2.0471344,0.0992,0.9,31.162,9.4,15.048,15.31,1.99
2017,4,27,120.5,17.05233,6.9330726,-0.2172,0.2,29.359,8.4,15.753,0,2.27
2017,4,27.25,120.75,16.928,7.2944903,-0.2237,0.2,29.1805,9.448,16.757,0,0
2017,4,27.25,121,16.863,2.8374445,-0.1824,0.2,29.002,10.496,17.761,0,0
2017,4,27,120.75,16.9203,3.0943267,-0.2049,0.2,28.328,10.151,17.111,4.08,1.04
2017,4,27.75,121,16.61666,22.189299,-0.2658,0.2,27.036,8.29,15.687,0,0
2017,4,27.5,121,16.76034,3.7430182,-0.2031,0.2,28.791,8.701,15.266,1.21,0
2017,4,27.25,121,16.863,2.8374445,-0.1824,0.2,29.002,10.496,17.761,4.87,0.58
2017,4,27,121,17.405,2.8072042,-0.1663,0.2,30.037,10.202,19.465,3.04,0
2017,4,28,121.25,16.18798,18.817375,-0.2804,0.2,27.133,8.386,14.614,0,0
2017,4,27.75,121.25,16.13967,6.9907465,-0.1888,0.2,27.983,9.01,15.237,1.38,0.905
2017,4,27.5,121.25,16.50933,3.9607441,-0.142,0.2,29.318,10.722,14.782,1.96,0
2017,4,27.25,121.25,17.219,2.2423162,-0.1255,0.2,30.001,10.186,18.114,3.04,2.64
2017,4,27,121.25,18.26998,1.8274,-0.1197,0.2,30.667,11.188,19.814,12.45,6.15
2017,4,28,121.5,16.1013,6.6682234,-0.2065,0.2,28.892,8.64,14.106,0,7.68
2017,4,27.75,121.5,16.21432,3.3922184,-0.1277,0.2,28.571,9.775,17.871,1.32,0.5
2017,4,27.5,121.5,16.76898,2.107506,-0.0879,0.2,29.839,10.026,16.946,18.83,5.9
2017,4,28.5,121.75,16.06,6.7918887,-0.2058,0.2,29.074,8.291,14.238,0,0
2017,4,28.25,121.75,15.92065,6.7459855,-0.1858,0.2,29.45,8.325,14.053,0,0
2017,4,28,121.75,16.181,3.6977208,-0.13,0.2,29.797,8.671,14.08,0,1.43
2017,4,27.75,121.75,16.739,2.5761795,-0.0723,0.2,30.568,9.997,20.231,11.37,10.24
2017,4,29.5,122,14.7353,13.372787,-0.0472,0.2,30.0075,9.1295,17.0475,0,0
2017,4,28.75,122,15.54666,5.1385355,-0.1098,0.2,29.447,8.262,13.852,0,0
2017,4,28.5,122,15.548,3.7359962,-0.1013,0.2,29.157,9.995,14.654,4.82,9.77
2017,4,28.25,122,15.91766,2.7363684,-0.1034,0.2,28.914,10.674,16.046,10.61,21.05
2017,4,28,122,16.64434,3.1489222,-0.0733,0.2,30.23,10.275,15.965,24.36,23.13
2017,4,27.75,122,17.83932,1.7689242,-0.0459,0.2,31.279,9.345,19.854,10.32,39.53
2017,4,29.5,122.25,14.547,9.133336,-0.0472,0.2,28.386,8.768,13.431,1.69,0
2017,4,29.25,122.25,14.949,6.524999,-0.1006,0.2,29.189,9.253,13.865,0,3.74
2017,4,29,122,15.519,10.706711,-0.1066,0.2,28.8555,9.48,15.1625,1.39,0.27
2017,4,29,122.25,15.2563,4.2487206,-0.0861,0.2,29.16,10.1715,16.25,2.015,0.985
2017,4,28.75,122.25,15.58233,2.9574025,-0.0718,0.2,29.325,10.192,16.894,13.8,11.2
2017,4,28.5,122.25,15.85,2.4446576,-0.0458,0.2,29.131,11.09,18.633,21.34,7.14
2017,4,28.25,122.25,16.40634,2.4032085,-0.041,0.2,29.684,9.809,20.149,20.19,34.74
2017,4,28,122.25,17.65667,1.9516853,-0.038,0.2,31.109,10.026,17.635,0,2.71
2017,4,31,122.5,14.49798,4.3323374,0.1852,0.2,17.247,8.987,14.501,0,0
2017,4,30.5,122.5,14.16134,5.6305895,0.0957,0.2,24.958,8.701,14.282,0,0
2017,4,30.25,122.25,13.74432,9.351986,0.0649,0.2,26.427,8.5535,14.434,0.27,0
2017,4,30.25,122.5,14.0153,7.5027914,0.0649,0.2,27.896,8.406,14.586,0,0
2017,4,30,122.5,14.11767,9.934321,0.0274,0.2,27.959,8.688,13.527,0,0
2017,4,29.75,122.5,14.36398,7.6967335,-0.0122,0.2,27.495,8.707,14.659,2.72,1.12
2017,4,29.5,122.5,14.70266,4.203317,-0.0863,0.2,28.538,9.066,14.608,0,0
2017,4,29.25,122.5,15.104,3.3553348,-0.0852,0.2,28.644,8.943,16.424,0,0
2017,4,29,122.5,15.37765,2.3301787,-0.0774,0.2,29.49,10.353,18.938,16.45,7.73
2017,4,28.75,122.5,15.80932,2.4942114,-0.0643,0.2,30.086,9.428,19.988,5.35,9.7
2017,4,28.5,122.5,16.4033,2.2869153,-0.0474,0.2,29.943,9.797,20.015,0,42.7
2017,4,28.25,122.5,17.27734,1.5617486,-0.0282,0.2,32.359,7.991,19.481,11.7,247.83
2017,4,31,123,14.57665,2.8245142,0.0261,0.2,27.192,12.859,14.709,6.78,0
2017,4,30.75,122.75,14.43234,4.4167085,0.057,0.2,28.699,10.418,15.33,2.37,0.21
2017,4,30.5,122.75,14.42632,4.021453,0.0175,0.2,27.045,8.933,16.561,3.31,0.34
2017,4,30.25,122.75,14.35067,3.2570689,-0.0064,0.2,28.488,8.231,16.277,0,0.44
2017,4,30.25,123,14.65,2.441923,-0.0161,0.2,26.448,11.086,17.2,0,0
2017,4,30,122.75,14.58767,2.9140897,0.001,0.2,30.128,8.89,14.352,0,0
2017,4,29.5,122.75,15.081,3.085379,-0.0649,0.2,30.054,11.918,16.841,8.13,0
2017,4,29,122.75,15.76467,3.0322502,-0.0696,0.2,30.195,10.128,19.677,1.83,29.42
2017,4,28.75,122.75,16.28365,2.4121108,-0.0533,0.2,30.142,9.905,19.761,12.27,42.96
2017,4,28.5,122.75,17.022,1.7031908,-0.0418,0.2,31.67,8.361,19.749,1.8,73.55
2017,4,31,123,14.57665,2.8245142,0.0261,0.2,27.192,12.859,14.709,0.93,0
2017,4,30.75,123,14.579,2.8559854,0.0121,0.2,29.522,11.696,15.878,13.17,0
2017,4,30.5,123,14.678,4.1192284,-0.0084,0.2,30.106,11.152,16.625,51.14,7.24
2017,4,30.25,123,14.65,2.441923,-0.0161,0.2,26.448,11.086,17.2,4.69,0.95
2017,4,29.75,123,15.246,2.100043,-0.0283,0.2,29.188,9.983,16.824,10.07,0
2017,4,29.5,123,15.535,2.621669,-0.0497,0.2,31.794,8.972,16.952,4.9,0.15
2017,4,31,123.25,14.68533,1.7752801,-0.0084,0.2,28.149,12.499,14.713,2.375,16.965
2017,4,30.75,123.25,14.80132,2.5764751,-0.0145,0.2,30.54,9.933,15.514,50.3,0.88
2017,4,30.5,123.25,14.90133,2.3784485,-0.0311,0.2,31.261,9.822,16.121,34.41,1.34
2017,4,30.25,123.25,15.018,2.9778323,-0.0224,0.2,29.268,11.528,17.489,10.72,3.01
2017,4,30,123.25,15.2523,1.872908,-0.0234,0.2,30.285,8.897,15.761,1.85,0
2017,4,29.75,123.25,15.53732,2.237188,-0.0344,0.2,32.239,9.037,16.82,16,1
2017,4,29.5,123.25,15.927,2.039407,-0.0424,0.2,32.639,8.952,16.629,0,16.08
2017,4,30.75,123.5,14.88165,2.4349084,-0.0513,0.2,30.67,9.311,14.938,12.64,1.61
2017,4,30.5,123.5,14.97,2.112806,-0.0433,0.2,30.693,9.894,15.279,4.6,0.23
2017,4,30.25,123.5,15.19598,2.0662405,-0.0393,0.2,30.04,11.429,16.577,11.46,0.46
2017,4,30.5,123.75,14.94732,2.065731,-0.0706,0.2,30.582,9.442,15.402,8.98,2.99
2018,4,27,120.5,18.34664,11.748644,-0.1726,-0.5,30.183,8.632,17.344,17.32289148,0
2018,4,27.25,120.75,18.26434,5.632858,-0.1425,-0.5,30.1355,8.295,16.78,2.72,0
2018,4,27.5,121,18.02032,4.5763426,-0.1143,-0.5,30.088,7.958,16.214,5.42,1.596107509
2018,4,27.25,121,17.98132,3.825387,-0.1234,-0.5,30.566,9.951,17.695,4.551268942,0
2018,4,27,121,18.73266,3.2616665,-0.127,-0.5,19.942,8.833,18.378,3.433167189,0
2018,4,27.75,121.25,17.21768,4.714093,-0.0291,-0.5,28.943,8.68,15.552,0.583528149,0
2018,4,27.25,121.25,18.38067,2.5496495,-0.0777,-0.5,31.93,8.602,18.563,3.321975211,0
2018,4,27,121.25,19.90365,2.5625582,-0.0871,-0.5,31.852,8.286,17.945,7.547576689,12.83102889
2018,4,28,121.5,16.70834,7.02626,-0.0592,-0.5,27.941,8.535,14.777,0.975749289,0.380943215
2018,4,27.75,121.5,17.02734,2.6728387,-0.039,-0.5,30.527,9.888,16.621,4.47107037,2.65
2018,4,27.5,121.5,17.842,2.4385796,-0.0522,-0.5,32.879,7.972,19.328,40.22208989,6.850712364
2018,4,27.25,121.5,19.254,1.7800612,-0.0616,-0.5,30.347,8.33,16.686,5.113912046,1.171651008
2018,4,27,121.5,20.99267,1.107682,-0.0644,-0.5,29.7,9.13,16.024,3.969829297,4.794834974
2018,4,27,121.75,21.91134,1.2110373,-0.0662,-0.5,31.2,8.14,17.39,9.249150898,31.11078029
2018,4,29,122,16.00567,9.113687,-0.3935,-0.5,31.136,8.234,18.066,0,0
2018,4,28.75,121.75,16.83465,7.6713815,-0.326,-0.5,28.842,8.373,15.427,0,3.234258023
2018,4,28.5,121.75,16.592,8.615265,-0.2439,-0.5,29.523,8.304,15.45,0,0.26
2018,4,28.25,121.75,16.514,6.7945285,-0.1673,-0.5,29.33,8.186,14.142,0,0
2018,4,28,121.75,16.87933,3.64576,-0.1036,-0.5,29.393,8.496,16.804,6.666146591,3.35
2018,4,27.75,121.75,17.80898,2.6796653,-0.0796,-0.5,30.097,9.4,18.225,16.93015436,14.55017344
2018,4,27.5,121.75,18.96465,1.2996815,-0.0783,-0.5,29.4575,8.394,15.9555,8.380750739,5.375810507
2018,4,29.5,122,14.92333,10.54537,-0.2986,-0.5,30.14,8.864,16.666,0,0
2018,4,28.75,122,16.08666,6.248576,-0.3308,-0.5,29.522,8.574,13.976,0,0
2018,4,28.5,122,16.154,5.030533,-0.2669,-0.5,30.183,8.292,15.107,3.190566509,0
2018,4,28.25,122,16.74798,3.3982813,-0.2125,-0.5,29.808,8.53,15.695,2.898392636,3.88
2018,4,28,122,17.77267,3.0931232,-0.1705,-0.5,30.756,10.296,18.792,1.088946231,3.329615162
2018,4,27.75,122,19.41598,2.1486354,-0.1268,-0.5,31.498,10.151,18.855,6.607999941,2.89650508
2018,4,31,122.25,14.22167,5.998592,-0.1056,-0.5,18.081,8.902,18.319,0,0
2018,4,29.5,122.25,14.69665,10.057621,-0.2986,-0.5,28.882,8.43,14.581,0,0
2018,4,29.25,122.25,15.34667,6.9355793,-0.3551,-0.5,29.39,8.545,13.566,0,0
2018,4,29,122.25,15.69732,9.031015,-0.3514,-0.5,30.029,8.693,14.716,22.35785806,0
2018,4,28.75,122.25,16.013,3.2386742,-0.3115,-0.5,30.79,8.379,15.23,6.313918978,9.24
2018,4,28.5,122.25,16.60198,2.4749615,-0.2648,-0.5,31.894,8.804,18.275,2.332698839,0
2018,4,28.25,122.25,17.77633,3.0988314,-0.2084,-0.5,32.217,9.568,19.034,2.10859927,1.882357104
2018,4,28,122.25,19.419,2.2689128,-0.1976,-0.5,32.336,10.506,18.682,0,7.52613471
2018,4,30.25,122.25,13.81332,9.442987,-0.0243,-0.5,28.37,9.74,18.4,3.84953144,0.485
2018,4,30.25,122.5,14.0283,7.3197794,-0.0243,-0.5,24.404,8.987,18.109,0,0
2018,4,29.5,122.5,14.89898,4.339589,-0.2505,-0.5,29.559,9.064,15.305,1.139488039,0.77
2018,4,29.25,122.5,15.687,4.2195683,-0.2792,-0.5,30.737,11.429,16.027,9.614430329,0.820155706
2018,4,29,122.5,16.13366,3.445675,-0.2745,-0.5,31.194,9.426,18.319,9.57,1.3
2018,4,28.75,122.5,16.69433,3.7466164,-0.2667,-0.5,31.166,9.18,18.336,0,7.476511843
2018,4,28.5,122.5,17.712,2.6540961,-0.2314,-0.5,33.999,7.449,18.553,0,41.06
2018,4,28.25,122.5,19.1833,1.4192215,-0.1967,-0.5,31.894,9.323,18.928,5.52,2.240670716
2018,4,30.75,122.75,13.80764,4.131156,0.1427,-0.5,30.288,7.538,14.481,0,0.955699646
2018,4,30.5,122.75,14.074,3.3583438,0.118,-0.5,27.332,8.758,16.231,0,0
2018,4,30.25,123,14.504,2.1500568,-0.0875,-0.5,29.934,8.664,18.502,0,0.378457438
2018,4,30,122.75,14.69366,3.9729774,-0.0801,-0.5,30.73,9.207,14.066,6.316194453,1.500938546
2018,4,30,123,15.034,2.5196192,-0.0731,-0.5,30.983,9.058,14.835,16.53336103,0.565295568
2018,4,29.75,122.75,15.017,3.2217436,-0.1435,-0.5,30.79,10.661,17.308,9.324197825,0
2018,4,29.5,122.75,15.53533,3.0138323,-0.1704,-0.5,30.409,11.913,17.816,10.47593842,0
2018,4,29.25,122.75,16.2913,2.3716946,-0.1913,-0.5,32.05,9.39,18.638,9.746713508,0.775468447
2018,4,29,122.75,16.89233,2.468711,-0.1913,-0.5,31.942,9.276,18.447,0,2.482910507
2018,4,28.75,122.75,17.77032,1.2002854,-0.1692,-0.5,33.303,8.001,18.438,13.55291185,0
2018,4,28.5,122.75,18.77334,1.1408315,-0.1471,-0.5,34.15,7.236,18.489,0,43.37008006
2018,4,31,123,13.67965,1.9563736,0.0849,-0.5,30.941,8.445,18.58,0,1.10273036
2018,4,30.75,123,14.09133,2.3271015,0.1198,-0.5,29.599,7.924,15.45,0,0.802856636
2018,4,30.5,123,14.28967,2.757365,0.0635,-0.5,28.746,8.833,16.812,0.355719471,1.65
2018,4,30.25,123,14.504,2.1500568,-0.0875,-0.5,29.934,8.664,18.502,0,1.77669988
2018,4,30,123,15.034,2.5196192,-0.0731,-0.5,30.983,9.058,14.835,22.4180705,1.766134711
2018,4,29.75,123,15.467,2.4610906,-0.0673,-0.5,30.905,10.723,18.272,10.08758556,0
2018,4,29.5,123,16.11932,2.1468194,-0.0707,-0.5,31.189,10.444,18.406,9.192045218,10.40778649
2018,4,29.25,123,16.85598,1.8355345,-0.0712,-0.5,32.699,8.654,18.428,0,0.151332554
2018,4,29,123,17.47433,1.4470814,-0.1183,-0.5,33.266,8.161,18.58,3.71535306,24.34609058
2018,4,31,123.25,14.05532,2.0990655,-0.1213,-0.5,30.764,10.524,14.386,0.675,12.6394284
2018,4,30.75,123.25,14.38998,2.5865402,-0.1076,-0.5,30.986,9.324,15.107,0,7.126394954
2018,4,30.5,123.25,14.65167,2.9282231,-0.0871,-0.5,30.711,10.911,15.747,4.882433734,3.194115527
2018,4,30.25,123.25,14.98998,2.5286098,-0.0742,-0.5,30.702,11.066,16.308,7.79262788,7.03
2018,4,30,123.25,15.415,2.1092362,-0.0582,-0.5,31.393,8.914,14.836,1.842023312,0
2018,4,29.75,123.25,15.85098,2.0420752,-0.0611,-0.5,32.118,8.965,18.333,5.091463607,7.460516328
2018,4,29.5,123.25,16.46966,1.8435961,-0.0681,-0.5,31.856,9.157,18.744,8.6,9.28950595
2018,4,30.75,123.5,14.47665,2.10957,-0.0943,-0.5,30.882,9.868,18.275,7.906242523,12.60454218
2018,4,30.5,123.5,14.952,2.760446,-0.0671,-0.5,30.921,10.221,15.748,8.487682168,7.324802879
2018,4,30.25,123.5,15.23766,2.5477347,-0.06,-0.5,30.992,10.149,15.304,9.249150898,9.318071545
2018,4,30,123.5,15.57034,2.080478,-0.0591,-0.5,31.641,9.19,14.836,5.753219973,1.03
2018,4,30.5,123.75,14.95233,1.8898511,-0.078,-0.5,30.797,10.364,13.994,29.29705564,0
2019,4,27.5,120.5,17.13,21.054512,-0.171,0.7,28.5,9.7,14.7,0,0
2019,4,27,120.5,17.15765,9.852761,-0.1903,0.7,26.2,9.091,15.435,4.5062,0
2019,4,27.25,120.75,16.961,9.774401,-0.1588,0.7,27.6,8.5,15.6,11.98990401,1.656122555
2019,4,27.25,121,16.91165,4.3238115,-0.1353,0.7,28.954,7.993,15.767,0,0
2019,4,27,120.75,16.92166,3.0633197,-0.1873,0.7,30.142,8.09,16.428,6.072,0
2019,4,27.5,121,16.56634,5.912089,-0.1804,0.7,28.895,8.126,14.943,2.958,6.749152373
2019,4,27.25,121,16.91165,4.3238115,-0.1353,0.7,28.954,7.993,15.767,13.93575493,0
2019,4,27,121,17.34033,2.0212927,-0.1602,0.7,30.857,8.076,18.348,5.072559658,0.933
2019,4,28,121.25,15.828,23.289207,-0.293,0.7,25.083,7.964,16.873,0,0
2019,4,27.75,121.25,15.834,9.273159,-0.2501,0.7,26.808,8.319,15.717,0,2.48153105
2019,4,27.5,121.25,16.54333,5.023203,-0.1646,0.7,30.129,8.933,16.239,2.508171016,1.441477595
2019,4,27,121.25,18.56332,1.8959504,-0.1248,0.7,32.878,8.641,19.936,13.32195575,2.764934212
2019,4,28.25,121.25,16.466,16.398178,-0.1584,0.7,29.856,8.1165,19.023,0,0
2019,4,28.25,121.5,15.73165,21.819202,-0.1584,0.7,26.834,7.592,18.11,0,0
2019,4,28,121.5,15.79467,10.354186,-0.1781,0.7,26.976,8.037,15.95,0,0
2019,4,27.75,121.5,16.36132,4.4279976,-0.166,0.7,27.673,13.512,17.114,2.639201329,0
2019,4,27.5,121.5,17.51666,2.0966713,-0.1296,0.7,30.746,9.477,19.99,37.36680593,54.37510896
2019,4,27.25,121.5,18.86498,2.2221148,-0.0715,0.7,27.216,7.9445,16.416,1.921901485,0.220546072
2019,4,27,121.5,19.82733,2.1443655,-0.071,0.7,27.6355,10.9045,15.918,7.459,0.537465218
2019,4,28.75,121.75,16.25134,10.829544,-0.0486,0.7,29.674,10.577,18.0665,0,0
2019,4,28.75,122,15.641,8.25316,-0.0572,0.7,31.022,9.275,19.825,0,0
2019,4,28.5,121.75,16.169,8.6048155,-0.0343,0.7,27.598,8.297,14.722,0,0
2019,4,28.25,121.75,15.81365,8.487453,-0.0409,0.7,28.602,11.677,16.143,0.684853592,0.05803844
2019,4,28,121.75,16.338,4.4273586,-0.0633,0.7,29.123,8.284,15.539,9.478825195,20.86627832
2019,4,27.75,121.75,17.63333,1.6561874,-0.086,0.7,31.298,9.073,19.66,35.07907802,19.03802704
2019,4,27.5,121.75,19.349,1.5289656,-0.0938,0.7,29.344,10.057,15.532,4.0587,159.456
2019,4,27,121.75,20.51098,2.2668264,-0.0407,0.7,30.692,8.755,17.2905,17.50097948,1.225
2019,4,29.5,122,14.78,13.021995,0.0045,0.7,31.3105,9.195,19.277,0,0
2019,4,28.5,122,15.73165,6.5656095,-0.0361,0.7,30.086,8.437,14.921,0,0
2019,4,28.25,122,16.14333,3.6200168,-0.0128,0.7,30.245,8.744,15.462,0,0.186815496
2019,4,28,122,17.55532,2.179862,-0.0102,0.7,31.323,9.317,18.894,5.507691097,38.50738891
2019,4,27.75,122,19.60833,1.7756065,-0.0292,0.7,34.209,6.919,18.527,5.069002463,143.4438767
2019,4,30.5,122.25,14.202,16.59426,-0.0395,0.7,23.797,8.603,14.416,0,0
2019,4,29.5,122,14.78,13.021995,0.0045,0.7,30.803,7.99375,17.61975,0,0
2019,4,29.25,122.25,15.24233,6.1301703,-0.11,0.7,29.1,8.531125,17.166125,0,0
2019,4,29,122.25,15.53198,4.402514,-0.1219,0.7,27.397,9.0685,16.7125,0,0.806568492
2019,4,28.75,122.25,15.866,3.9103336,-0.115,0.7,28.9075,8.724375,17.139375,0,3.55468375
2019,4,28.5,122.25,16.345,2.962082,-0.0845,0.7,30.418,8.38025,17.56625,2.373877721,12.72086172
2019,4,28.25,122.25,17.68133,2.1327069,-0.0594,0.7,30.997,9.534,19.009,0,17.0851858
2019,4,28,122.25,19.678,2.0969083,-0.0516,0.7,33.439,7.692,18.42,15.68327624,76.56457388
2019,4,31,122.5,15.01165,5.115417,-0.1488,0.7,25.582,8.531,15.005,0,0
2019,4,29.75,122.5,14.81832,7.6221485,-0.0001,0.7,33.31425,7.794,18.462,0,0
2019,4,29.75,122.25,14.24334,16.218279,0.07,0.7,26.0585,8.4865,15.63825,0,0
2019,4,29.5,122.5,14.99764,5.04212,-0.0613,0.7,33.1895,7.896,18.504,0,0
2019,4,29.25,122.5,15.72598,3.563836,-0.0916,0.7,26.535,8.442,16.2715,1.266361317,0
2019,4,29,122.5,16.22366,3.689601,-0.0927,0.7,33.06475,7.998,18.546,0,1.043918074
2019,4,28.5,122.5,17.81698,2.315502,-0.0654,0.7,27.0115,8.3975,16.90475,3.570745929,7.19416
2019,4,28.25,122.5,19.646,2.259475,-0.0694,0.7,32.94,8.1,18.588,12.1618615,82.19740873
2019,4,30.5,122.75,15.02966,3.6182547,-0.1109,0.7,27.488,8.353,17.538,2.278976078,0
2019,4,30.25,122.75,15.06567,4.147457,-0.0805,0.7,29.691,9.168,16.888,1.866159071,0
2019,4,30.25,123,15.452,3.69669,-0.0656,0.7,30.301,9.555,17.828,6.412801173,0
2019,4,30,123,15.73766,1.605958,-0.0637,0.7,30.438,10.266,18.424,8.240403238,0
2019,4,29.75,122.75,15.418,3.183325,-0.0487,0.7,30.4515,8.159,18.4835,2.017347895,0
2019,4,29.5,122.75,15.54965,2.484332,-0.066,0.7,31.858,8.76,18.63,0,0.199202904
2019,4,29,122.75,17.31332,1.7328486,-0.0898,0.7,30.917,9.9625,17.676,0.248114331,26.36604437
2019,4,28.75,122.75,18.02566,2.5019765,-0.0646,0.7,29.5375,9.608,18.1195,1.678995904,18.18822113
2019,4,28.5,122.75,19.24398,2.019447,-0.042,0.7,33.415,7.965,19.429,1.230233558,14.9701
2019,4,31,123,15.30633,2.9423149,-0.0978,0.7,31,9.659,16.928,2.728469977,0
2019,4,30.75,123,15.346,2.4707937,-0.0968,0.7,32.516,7.199,17.952,3.619550242,0
2019,4,30.5,123,15.342,2.671793,-0.0733,0.7,28.637,8.95,17.815,18.03949337,0
2019,4,30.25,123,15.452,3.69669,-0.0656,0.7,30.301,9.555,17.828,0,0
2019,4,30,123,15.73766,1.605958,-0.0637,0.7,30.438,10.266,18.424,3.731401111,0
2019,4,29.75,123,15.92233,3.6324685,-0.0696,0.7,31.7285,8.365,17.5025,1.272865902,0
2019,4,29.5,123,16.40234,2.6524742,-0.0807,0.7,30.621,9.543,17.4405,0,0
2019,4,29.25,123,17.11932,1.7320017,-0.0866,0.7,30.699,8.948,17.28,0,4.448347442
2019,4,29,123,18.29165,1.3942021,-0.0733,0.7,30.79,9.949,17.667,0,1.506755938
2019,4,31,123.25,15.341,4.387188,-0.066,0.7,30.941,9.531,17.053,3.524232536,0
2019,4,30.75,123.25,15.57598,4.018785,-0.0495,0.7,30.96,10.355,17.894,19.82241363,1.470307147
2019,4,30.5,123.25,15.766,4.084635,-0.0552,0.7,29.083,11.385,18.485,23.72273557,0
2019,4,30.25,123.25,15.97866,3.2270083,-0.0607,0.7,31.618,9.197,18.264,0.240595715,0.501241073
2019,4,30,123.25,16.33898,1.3241391,-0.0597,0.7,31.448,9.769,18.794,0,0
2019,4,29.75,123.25,16.57333,1.3121084,-0.0562,0.7,32.1305,9.6065,17.657,2.095187685,0.199869878
2019,4,30.75,123.5,15.65267,3.5891218,-0.0153,0.7,32.813,9.444,16.52,21.37999569,1.245436642
2019,4,30.5,123.5,15.834,2.8734024,-0.0426,0.7,31.576,9.584,18.159,15.995823,0
2019,4,30.25,123.5,16.17266,2.9842644,-0.0586,0.7,31.78,9.137,17.943,0,0.311435961
2019,4,30.5,123.75,15.65267,2.3546388,-0.0163,0.7,31.694,9.581,17.129,17.28796629,0.754125279
2014,11,30.75,123,19.88766,2.349857,0.1754,0.6,29.997,8.077,21.389,0,0
2014,11,30.75,123.25,20.51632,1.4219584,0.1927,0.6,29.278,8.255,21.057,18.37349821,25.22227452
2014,11,30.5,122.75,19.22067,2.2930152,0.2227,0.6,19.521,8.001,21.282,0,0
2014,11,30.5,123,20.18167,1.6270332,0.194,0.6,27.336,8.524,20.807,0,3.025449857
2014,11,30.25,123,20.16598,1.6000028,0.1978,0.6,27.146,9.144,21.78,19.31448934,1.643556626
2014,11,30.25,123.25,21.002,1.108955,0.1851,0.6,27.384,9,22.164,11.66503491,0
2014,11,30,123,20.62267,1.4008018,0.1826,0.6,29.85,8.727,23.719,16.49417291,3.607495607
2014,11,29.75,122.5,19.329,6.756738,0.1874,0.6,28.086,8.167,21.729,0,0
2014,11,29.75,122.75,20.25167,2.47821,0.1728,0.6,27.839,13.89,23.517,42.04604148,0
2014,11,29.75,123,21.17233,1.3098329,0.1599,0.6,30.556,8.415,22.6,9.334078921,30.0517312
2014,11,29.75,122.25,19.031,9.434475,0.2376,0.6,30.688,8.802,22.966,1.431423697,0
2014,11,29.5,122.75,20.73766,2.247085,0.1291,0.6,30.82,9.189,23.332,587.8706279,240.0026874
2014,11,29.5,123,21.44732,1.0008419,0.1305,0.6,31.859,8.003,21.581,87.90935526,115.65407
2014,11,29.25,122.5,19.96166,2.980855,0.1175,0.6,27.335,7.639,23.335,24.099193,4.67651219
2014,11,29.25,122.75,21.13467,1.2170024,0.0942,0.6,32.705,7.073,22.763,92.42296888,408.4102292
2014,11,29,122.25,19.45034,3.8474302,0.1206,0.6,26.012,8.13,22.97,0,10.88065135
2014,11,29,122.5,20.60632,2.1981037,0.1162,0.6,31.317,9.862,23.088,651.5428114,3.133071899
2014,11,29,122.75,21.51034,1.0376779,0.0831,0.6,32.702,6.989,21.907,180.4457662,190.5020433
2014,11,28.75,121.75,18.34866,11.698926,0.1479,0.6,32.145,5.8455,21.027,2.794983872,0
2014,11,28.75,122,18.97167,5.517879,0.1278,0.6,32.1435,5.8035,20.599,0,0.518931934
2014,11,28.75,122.25,20.04632,2.7746289,0.1187,0.6,29.357,7.85375,22.0575,0,8.601845433
2015,11,31,122.75,18.60732,1.7015738,0.0661,2.6,31.585,4.618,19.291,16.28,3.09
2015,11,31,123.25,20.428,0.6629035,0.097,2.6,33.019,4.265,21.627,364.9,1.54
2015,11,30.75,122.75,18.771,4.380322,0.0484,2.6,28.706,0.011,21.747,0,15.62
2015,11,30.75,123.25,20.43133,1.4829142,0.096,2.6,32.62,4.936,17.67,455.77,5.97
2015,11,30.75,123.5,21.00732,0.918143,0.1113,2.6,32.314,4.351,18.328,221.05,5.58
2015,11,30.5,122.75,19.01965,2.604325,0.044,2.6,28.392,4.103,17.652,10.88,8.4
2015,11,30.5,123,19.74398,1.8218772,0.0829,2.6,31.926,4.693,17.643,84.44,17.02
2015,11,30.5,123.25,20.525,1.4037629,0.1043,2.6,32.305,5.036,17.854,141.11,614.48
2015,11,30.5,123.5,21.18865,0.7744457,0.1076,2.6,33.918,6.04,17.994,433.92,8.56
2015,11,30.5,123.75,21.57867,0.69931704,0.1103,2.6,33.883,3.756,18.549,1000.12,0
2015,11,30.25,122.5,18.93267,11.110792,0.0242,2.6,25.112,5.6,21.751,0,0
2015,11,30.25,122.75,19.353,2.0792685,0.0592,2.6,26.112,3.275,21.751,45.44,16.79
2015,11,30.25,123.5,21.34265,1.9355482,0.1048,2.6,33.254,3.515,21.936,0,0.47
2015,11,30,122.5,19.22766,12.346386,0.0485,2.6,25.225,5.251,17.52,0.63,0
2015,11,30,122.75,19.84066,1.6886053,0.0884,2.6,28.818,5.179,17.523,13.93,0
2015,11,30,123.5,21.56234,1.272109,0.1009,2.6,33.433,4.918,19.105,80.04,112.67
2015,11,30,123,20.69534,0.7818528,0.0952,2.6,32.155,4.699,19.042,138.13,5.27
2015,11,29.75,122.75,20.376,1.3179512,0.105,2.6,32.603,5.917,22.321,44.68,15.57
2015,11,29.75,123,21.22698,0.84818494,0.1027,2.6,14.098,6.938,22.321,694.46,54.97
2015,11,29.75,123.25,21.60598,0.84818494,0.099,2.6,33.379,5.845,22.321,389.26,631.17
2015,11,29.75,122.25,19.18267,8.401934,0.0216,2.6,31.3825,6.347,22.085,5.17,0
2015,11,29.5,122.5,19.77432,1.4277526,0.0701,2.6,29.386,6.849,21.849,15.41,0
2015,11,29.5,122.75,20.81967,0.9061087,0.0925,2.6,33.209,6.86,21.848,77.28,0
2015,11,29.5,123.25,22.00732,0.8739307,0.0956,2.6,33.997,6.572,21.849,153.82,1.02
2015,11,29.5,122.5,19.77432,1.4277526,0.0701,2.6,29.386,6.849,21.849,1.42,4.66
2015,11,29.25,122.25,19.29666,12.050048,0.0192,2.6,27.046,7.351,22.027,1.31,0
2015,11,29.25,122.5,20.18566,1.9636153,0.0695,2.6,27.934,7.089,18.577,64.41,0
2015,11,29.25,122.75,21.289,0.93163294,0.0829,2.6,33.511,6.728,20.453,83.75,54.71
2015,11,29.25,123,22.00665,0.5829811,0.0888,2.6,33.538,6.781,22.033,65.58,98.41
2015,11,29.25,123.25,22.34832,0.5829811,0.084,2.6,33.935,6.569,22.158,470.08,44.21
2015,11,29,122.25,19.75033,1.5802141,0.0354,2.6,29.112,6.93,22.11,151.76,0
2015,11,29,122.5,20.82598,1.6867847,0.0632,2.6,31.295,6.666,20.862,208.97,56.28
2015,11,29,122.75,21.768,0.69309324,0.0776,2.6,33.789,6.664,20.862,102.17,217.66
2015,11,29,123,22.27633,0.2559397,0.0812,2.6,33.896,6.699,20.806,41.94,25.7
2015,11,29,122.25,19.75033,1.5802141,0.0354,2.6,29.112,6.93,22.11,3.63,0
2015,11,28.75,122,19.37066,12.230373,0.0396,2.6,26.977,7.539,22.237,8.64,0
2015,11,28.75,122.25,20.35165,3.0064883,0.0431,2.6,28.339,7.175,21.68,108.27,11.95
2015,11,28.75,122.5,21.48965,0.94604754,0.057,2.6,33.387,6.688,21.684,59.94,63.04
2015,11,28.5,121.75,19.15667,13.840261,0.0761,2.6,27.857,7.374,20.033,22.28,0
2015,11,28.5,122.25,21.08532,3.6620386,0.0537,2.6,34.057,6.714,21.606,169.88,114
2015,11,28.5,122.5,22.103,2.4760444,0.0469,2.6,30.957,7.044,20.8195,29.77,171.72
2015,11,28.5,122.75,22.6103,0.37937364,0.0546,2.6,32.172,7.209,20.42625,28.19,223.94
2016,11,31,122.25,17.18966,6.98994,0.4497,-0.7,15.967,8.097,17.728,2.92,0
2016,11,31,123.25,20.78332,1.3353282,0.1687,-0.7,28.099,7.25,21.578,16.66,5.39
2016,11,30.75,123.25,21.09698,1.4481299,0.1648,-0.7,33.372,6.706,21.861,0,2.57
2016,11,30.75,123.5,21.51165,1.1093656,0.152,-0.7,33.985,6.088,21.98,31.55,10.58
2016,11,30.5,123.25,21.18432,1.1366307,0.1539,-0.7,26.475,7.024,21.733,31.72,0
2016,11,30.5,123.5,21.62264,0.9266297,0.1459,-0.7,33.877,6.203,21.798,108.36,28.54
2016,11,30.5,123.75,21.84698,1.184246,0.1582,-0.7,33.999,5.816,21.86,26.01,4.67
2016,11,30.25,122.75,19.417,3.654485,0.2517,-0.7,33.1375,6.67,21.886,0,0
2016,11,30,123,20.84432,2.6308303,0.1664,-0.7,32.276,7.524,21.912,39.75,11.9
2016,11,29.75,122.5,19.80032,6.9222174,0.2697,-0.7,23.374,7.708,21.407,0,0
2016,11,29.75,122.75,20.48367,2.4066257,0.1738,-0.7,26.002,7.74,21.706,0,3.17
2016,11,29.75,123,21.39898,1.5614609,0.1514,-0.7,33.011,6.479,21.958,0,38.17
2016,11,29.75,123.25,22.01733,1.2090318,0.1328,-0.7,33.371,5.634,21.918,0,13.62
2016,11,29.75,122.25,19.67098,10.000232,0.367,-0.7,29.5005,6.521,20.7945,0,6.34
2016,11,29.5,122.25,19.531,9.390399,0.2957,-0.7,25.63,7.408,19.671,0,0
2016,11,29.5,122.5,19.98165,3.3815832,0.2338,-0.7,24.861,7.38,21.237,0,13.28
2016,11,29.5,123,21.816,1.2029122,0.1294,-0.7,30.413,7.184,21.841,0,7.74
2016,11,29.5,123.25,22.37,1.0301323,0.1442,-0.7,32.481,6.787,21.801,3.43,0
2016,11,29.25,122.5,20.33633,2.9066467,0.1824,-0.7,27.916,7.357,21.198,40.51,0
2016,11,29.25,123,22.197,0.7685274,0.1436,-0.7,33.526,6.618,21.782,18.88,0
2016,11,29.25,123.25,22.66766,0.6841182,0.1553,-0.7,33.646,6.758,21.595,27.44,0
2016,11,29,122.75,22.06298,1.7063539,0.1444,-0.7,33.068,6.801,22.542,49.81,23.21
2016,11,28.5,122.75,22.94265,1.0067041,0.1095,-0.7,32.641,7.052,19.954,0,4.38
2017,11,31,123.25,20.97332,1.364618,0.2178,-0.8,34.082,6.914,21.156,0,0
2017,11,30.5,123.5,21.62267,3.061005,0.2142,-0.8,33.641,6.990875,19.4135,224.4743868,0.830291095
2017,11,30.5,123.75,21.77032,2.6658573,0.1869,-0.8,33.2,7.06775,17.671,0,1.899034853
2017,11,30.25,122,18.098,6.624239,0.2301,-0.8,34.066,7.144625,19.41725,0,0
2017,11,30.25,122.25,17.987,6.119044,0.2301,-0.8,33.5445,7.2215,21.1635,0,0
2017,11,30.25,123.25,21.41232,2.7145846,0.2024,-0.8,33.023,7.27915625,21.165375,11.05095719,43.61654693
2017,11,30,123.25,21.57467,1.7106447,0.1807,-0.8,34.05,7.3368125,21.1663125,0,34.77031762
2017,11,30,123.5,21.77734,1.2010524,0.1803,-0.8,31.98,7.37525,21.16725,2.737508803,53.21410362
2017,11,30,123,21.04934,1.7953027,0.1944,-0.8,34,7.452125,21.169125,5.894595017,2.050531662
2017,11,29.75,122.5,19.05267,3.776945,0.156,-0.8,27.254,7.529,21.171,2.133828215,0
2017,11,29.75,122.75,20.45165,2.3315535,0.1209,-0.8,27.417,7.449,21.626,10.65875773,0
2017,11,29.75,123,21.39965,1.967208,0.1659,-0.8,33.884,6.769,22.016,0,0.754045788
2017,11,29.75,123.25,21.66833,1.6912616,0.1614,-0.8,33.941,6.718,22.184,0.213431683,0
2017,11,29.5,122,18.26565,10.305676,0.0054,-0.8,28.531,7.118,21.7305,0,0
2017,11,29.75,122.25,18.69033,8.116135,0.0474,-0.8,33.876,6.784,22.057,0.426863365,0
2017,11,29.5,122.5,19.354,4.2285404,0.0397,-0.8,23.178,7.467,21.445,0,0
2017,11,29.5,123,21.57934,2.3157554,0.146,-0.8,33.811,6.85,21.93,5.754247517,0
2017,11,29.5,123.25,21.72332,1.7722039,0.1469,-0.8,33.866,6.758,22.088,2.781726264,0
2017,11,29.25,122.75,21.289,1.5249149,0.0554,-0.8,33.899,6.789,22.153,2.931128442,0
2017,11,29.25,123,21.71365,1.5249149,0.1353,-0.8,34.01,6.594,22.225,4.094805405,0
2017,11,29.25,123.25,21.795,0.5759545,0.1287,-0.8,34.023,6.561,22.217,0,2.201240395
2017,11,29,123,21.88467,1.5035167,0.1198,-0.8,34.014,6.565,22.149,13.7214588,0.567118471
2017,11,29,122,18.20132,12.604313,-0.1096,-0.8,29.8925,7.022,7.022,0.522907622,0
2017,11,29,122.25,19.20965,6.536393,-0.0685,-0.8,25.771,7.479,20.048,16.34,0
2017,11,28.75,122.25,19.9333,5.0946307,-0.0085,-0.8,31.169,6.998,21.354,2.290833394,0
2017,11,28.75,122.5,21.40966,2.73379,0.0208,-0.8,33.853,6.691,22.174,7.848845506,6.60320456
2017,11,28.75,122.75,21.91232,2.9680855,0.0638,-0.8,33.978,6.628,22.233,0,1.750222144
2017,11,28.5,122,19.13998,2.6337945,0.0371,-0.8,26.429,7.7,20.084,0,0
2017,11,28.5,122.25,20.738,1.245909,0.0475,-0.8,33.432,6.956,21.975,3.514508374,10.94912951
2017,11,28.5,122.5,21.85467,0.4116591,0.0574,-0.8,33.913,6.619,23.351,8.46094931,22.78087973
2017,11,28.5,122.75,22.13665,0.4427655,0.0637,-0.8,33.886,6.446,22.86,33.77352912,34.11514438
2017,11,28.25,122.25,21.57433,1.6511606,0.0754,-0.8,33.633,6.895,22.597,10.02795421,15.75075515
2017,11,28.25,122.5,22.271,1.6511606,0.072,-0.8,33.749,6.871,22.614,2.945357221,85.68881292
2017,11,28,121.5,18.72866,10.485493,0.2437,-0.8,26.977,7.7,19.653,0,16.43355906
2017,11,28,121.75,19.80132,3.5569685,0.1845,-0.8,28.141,7.526,21.081,0,16.60736765
2017,11,28,122,21.279,2.2612143,0.1339,-0.8,33.324,6.998,22.191,16.81339467,34.25729164
2017,11,28,122.25,22.25433,2.2612143,0.094,-0.8,33.495,6.903,20.917,0,7.78512964
2017,11,28,121.75,19.80132,3.5569685,0.1845,-0.8,28.141,7.526,21.081,0,0
2017,11,27.75,121,18.68234,4.547822,0.3689,-0.8,26.066,7.993,17.903,0,0
2017,11,27.75,121.5,19.713,3.1649413,0.2689,-0.8,29.206,7.423,20.534,9.146175342,0
2017,11,27.75,121.75,21.10833,2.8663666,0.2059,-0.8,33.686,7.033,21.068,22.74565157,22.80297493
2017,11,27.75,122,22.155,2.1663666,0.1576,-0.8,33.991,6.863,19.564,4.087453869,41.18660388
2017,11,27.5,121.25,19.71066,4.506273,0.3237,-0.8,28.815,7.645,18.795,0,0
2017,11,27.5,121.5,20.92532,4.506273,0.2616,-0.8,32.633,7.208,20.224,0,1.416664651
2017,11,27.25,121,19.6963,3.4209297,0.3492,-0.8,27.504,8.13,18.213,0,0
2017,11,27,120.5,19.483,10.930611,0.4235,-0.8,26.587,8.169,17.88,0,1.195217423
2017,11,27,120.75,19.798,3.5565464,0.378,-0.8,30.004,7.667,18.348,3.163457721,0.413523885
2017,11,27,121,20.67532,9.836812,0.3243,-0.8,32.571,7.349,19.62,8.642649199,22.26136915
2017,11,27,121.25,21.76467,7.777804,0.2654,-0.8,32.907,7.234,19.903,8.360701096,10.43918074
2017,11,27.5,121.75,22.021,1.2848458,0.2034,-0.8,32.739,7.2915,19.7615,79.49619168,12.62764578
2017,11,27.25,121.5,21.86465,1.21047,0.2379,-0.8,31.4555,7.4505,19.1255,28.50024402,2.373163435
2017,11,27,121.5,22.45165,4.91806,0.2099,-0.8,30.2055,7.682,19.058,9.497709878,27.05673441
2018,11,31,122.25,17.59533,13.158604,-0.0239,0.9,24.544,8.39,17.082,0,0
2018,11,31,122.5,18.18032,12.98447,-0.0032,0.9,29.604,7.743,18.102,0,0
2018,11,31,122.75,19.0713,6.017423,-0.0016,0.9,31.732,7.174,19.687,0,0
2018,11,30.5,122,17.87832,21.194609,0.5159,0.9,19.021,8.267,18.115,0,0
2018,11,30.75,122,17.337,25.94795,0.2245,0.9,16.73,8.649,17.444,0,0
2018,11,30.75,122.25,17.80865,15.520902,0.1847,0.9,22.435,8.208,18.02,0,0
2018,11,30.75,122.75,19.31732,9.544494,-0.0058,0.9,31.607,7.029,20.293,0,0
2018,11,30.75,123.25,20.849,2.586586,0.1065,0.9,33.624,7.017,20.493,45.29,6.43
2018,11,30.75,123.5,21.0453,2.056847,0.1162,0.9,33.739,6.984,20.64,131.58,45.18
2018,11,30.75,121.5,17.0193,17.733688,0.1406,0.9,25.6955,7.6675,19.35,0,0
2018,11,30.5,121.75,17.381,25.722315,0.4903,0.9,17.652,8.351,18.06,0,0
2018,11,30.5,122,17.87832,21.194609,0.5159,0.9,19.021,8.267,18.115,0,0
2018,11,30.5,122.25,18.08532,23.832582,0.3733,0.9,21.834,7.882,18.743,0,0
2018,11,30.5,122.5,18.59933,20.876095,0.2335,0.9,25.838,7.683,19.556,0,0
2018,11,30.5,123.5,21.245,0.6080172,0.1106,0.9,33.58,6.772,20.952,44.55,6.84
2018,11,30.5,123.75,21.335,1.6889398,0.0899,0.9,33.622,6.842,20.826,41.06,11.42
2018,11,30.25,122.25,18.56167,22.144213,0.4986,0.9,26.168,7.5905,19.633,0,0
2018,11,30.25,121.75,17.86266,18.724043,0.7181,0.9,18.714,8.339,18.44,0,0
2018,11,30.25,121.5,17.47,25.498854,0.6181,0.9,20.9285,8.076,18.96,0,0
2018,11,30.25,122.5,18.82867,18.10895,0.2818,0.9,23.143,7.813,19.48,0,0
2018,11,30.25,123.25,21.12667,2.646646,0.0924,0.9,33.533,6.415,20.906,15.96,5.97
2018,11,30.25,123.5,21.391,1.2504383,0.1032,0.9,33.567,6.694,21.184,48.24,3.59
2018,11,30,122.5,19.09066,9.345788,0.2742,0.9,26.458,7.536,19.856,0,0
2018,11,30,123,20.82366,3.060252,0.0692,0.9,33.327,7.285,21.204,35.2,0
2018,11,30,123.25,21.31432,0.81158465,0.1007,0.9,33.468,7.179,21.382,18.34,9.09
2018,11,30,123.5,21.56033,0.9397849,0.1092,0.9,33.506,6.964,21.207,16.9,3.89
2018,11,27,121.75,22.86465,2.0600815,0.1124,0.9,33.4165,7.1245,21.2055,17.61,0
2018,11,30,123,20.82366,3.060252,0.0692,0.9,33.327,7.285,21.204,4.82,0
2018,11,29.75,122.5,19.381,13.784134,0.1758,0.9,31.055,7.232,19.785,0,0
2018,11,29.75,122.75,20.35165,3.3034215,0.0188,0.9,31.462,7.142,20.597,5.41,1.52
2018,11,29.75,123,21.20333,1.7313261,0.0429,0.9,33.301,7.023,21.055,37.15,3.15
2018,11,29.75,123.25,21.52566,0.96591234,0.0825,0.9,33.231,7.104,20.935,21.37,7.52
2018,11,29.5,122,18.73565,21.581131,0.2394,0.9,29.3885,7.132,20.2575,0,0
2018,11,29.75,122.25,19.11965,24.708593,0.399,0.9,30.273,7.113,30.273,0,0
2018,11,29.25,122,18.54632,21.375622,0.1279,0.9,32.9585,7.061,20.772,0,0
2018,11,29.5,122.25,18.94033,19.65759,0.2394,0.9,27.315,7.122,19.918,0,0
2018,11,29.5,122.5,19.547,9.374456,0.0928,0.9,30.324,6.84,20.521,0,0
2018,11,29.5,122.75,20.76064,2.1729872,0.0001,0.9,32.686,7.018,20.609,23.07,0
2018,11,29.5,123.25,21.77166,0.9008629,0.0654,0.9,33.189,6.963,20.692,6.42,0
2018,11,29.5,122.25,18.94033,19.65759,0.2394,0.9,27.315,7.122,19.918,0,0
2018,11,29.5,122.5,19.547,9.374456,0.0928,0.9,30.324,6.84,20.521,0,0
2018,11,29.25,122.25,19.09866,16.535494,0.1279,0.9,26.882,7.316,19.735,0,0
2018,11,29.25,122.5,20.00332,5.204507,0.0146,0.9,30.568,6.864,20.665,0,0
2018,11,29.25,122.75,21.22198,1.8544279,0.0003,0.9,33.196,6.981,20.843,35.77,4.23
2018,11,29.25,123,21.81634,1.0146958,0.0292,0.9,33.509,7.144,20.533,76.46,9.11
2018,11,29.25,123.25,22.03433,0.88602555,0.0648,0.9,33.824,7.015,21.237,64.98,0
2018,11,29,122,18.76766,19.71854,0.0638,0.9,30.116,7.2725,19.9495,0,0
2018,11,29,121.75,18.53967,17.682829,0.0638,0.9,26.408,7.53,18.662,0,0
2018,11,29,122.25,19.48965,5.487112,0.0448,0.9,27.576,7.223,20.638,0,0
2018,11,29,122.75,21.58032,1.9020804,0.0091,0.9,33.984,6.614,20.314,139.78,119.95
2018,11,29,123,22.08132,1.2759699,0.0308,0.9,33.937,6.82,21.457,54.95,106.67
2018,11,29,122,18.76766,19.71854,0.0638,0.9,30.7565,7.0215,21.0475,0,0
2018,11,29,122.25,19.48965,5.487112,0.0448,0.9,27.576,7.223,20.638,0,0
2018,11,28.75,121.75,18.646,27.102251,0.0853,0.9,27.038,7.557,19.253,0,0
2018,11,28.75,122,19.03265,21.092049,0.0883,0.9,27.95,7.343,19.706,0,0
2018,11,28.75,122.25,19.94467,3.8649037,0.0771,0.9,27.856,7.197,20.798,10.75,0
2018,11,28.75,122.5,21.12167,2.0047753,0.0558,0.9,33.873,6.81,20.344,0,37.66
2018,11,28.75,122.75,21.98132,1.0874908,0.0367,0.9,33.905,6.816,21.279,5.35,145.96
2018,11,28.75,122,19.03265,21.092049,0.0883,0.9,27.95,7.343,19.706,0,0
2018,11,28.5,121.75,18.85665,20.58937,0.0921,0.9,27.049,7.961,19.594,0,0
2018,11,28.5,122,19.48965,10.753979,0.102,0.9,28.841,7.725,20.373,14.48,16.02
2018,11,28.5,122.5,21.74764,1.1906868,0.0744,0.9,31.955,7.496,21.156,35.25,96.69
2018,11,28.5,122.75,22.35067,1.0177239,0.0437,0.9,34.276,7.078,22.898,46.55,238.18
2018,11,28.25,121.75,19.28466,15.23822,0.116,0.9,27.762,7.931,20.075,0,0
2018,11,28.25,122,20.215,6.5009685,0.1142,0.9,28.905,7.727,20.849,0,16.75
2018,11,28.25,122.25,21.53967,3.0940173,0.1158,0.9,30.618,7.541,21.173,734.12,83.58
2018,11,28.25,122.5,22.31133,0.63182455,0.0982,0.9,32.565,7.489,19.335,155.5,59.47
2018,11,28,121.25,19.14932,27.149858,0.1588,0.9,26.788,7.865,19.174,0,0
2018,11,28,121.5,19.289,15.576475,0.1432,0.9,28.57,7.797,19.205,0,12.56
2018,11,28,121.75,20.08267,7.8328547,0.1403,0.9,29.464,7.625,20.431,47.61,177.75
2018,11,28,122,21.232,2.838262,0.1152,0.9,30.067,7.492,21.262,9.01,1.28
2018,11,28,122.25,22.28866,1.2773621,0.1146,0.9,32.083,7.493,19.762,68.46,120.21
2018,11,28,121.5,19.289,15.576475,0.1432,0.9,28.57,7.797,19.205,0,0
2018,11,28,121.75,20.08267,7.8328547,0.1403,0.9,29.464,7.625,20.431,0,8.31
2018,11,27.75,121,19.19332,13.091992,0.2107,0.9,27.106,7.861,18.916,0,0
2018,11,27.75,121.25,19.40466,15.457613,0.1835,0.9,27.48,7.942,18.777,0,0
2018,11,27.75,121.5,20.02465,7.2958016,0.1622,0.9,29.75,7.509,19.785,0,0
2018,11,27.75,121.75,21.117,2.8789334,0.1526,0.9,31.653,7.334,20.956,32.6,18.25
2018,11,27.75,122,22.15267,0.59354,0.1413,0.9,32.419,7.489,20.547,300.6,216.69
2018,11,27.75,121.25,19.40466,15.457613,0.1835,0.9,27.48,7.942,18.777,0,1.97
2018,11,27.5,120.75,19.23733,10.492262,0.1805,0.9,25.391,8.04,17.617,0,0
2018,11,27.5,121,19.53134,6.832499,0.199,0.9,28.6,7.769,18.784,0,0
2018,11,27.5,121.25,20.039,7.0681868,0.1877,0.9,29.37,7.761,19.422,0,0
2018,11,27.5,121.5,20.97466,2.975805,0.1842,0.9,32.902,7.301,20.985,12.73,14.73
2018,11,27.25,120.75,19.62567,8.406268,0.1713,0.9,31.222,7.5205,20.3675,3.355,0.395
2018,11,27.25,121,20.21932,6.0291257,0.2068,0.9,29.542,7.74,19.75,2.41,1.43
2018,11,27.25,121.25,21.03,3.6361492,0.1982,0.9,29.886,7.77,19.464,2.07,0
2018,11,27,120.75,20.20565,4.7989173,0.1772,0.9,30.043,7.695,19.298,2.93,0.31
2018,11,27,121,21.03933,2.6551108,0.21,0.9,31.147,7.637,21.54,13.31,0
2018,11,27,121.25,22.074,1.8054798,0.1802,0.9,31.514,7.6,21.951,170.02,10.7
2018,11,27.5,121.75,21.95898,0.6497526,0.1455,0.9,31.3305,7.6185,21.7455,171.39,2.76
2018,11,27.25,121.5,21.984,2.7121546,0.1627,0.9,30.595,7.7325,20.419,19.37,41.32
2018,11,27,121.5,22.713,0.817241,0.1494,0.9,29.9645,7.7325,19.607,49.86,4.52
2019,11,31,122.75,19.83767,3.5509624,-0.0027,0.5,29.68,7.455,21.299,19.75664772,9.038450632
2019,11,31,123.25,21.495,2.1798,0.1048,0.5,33.284,6.737,22.278,0,3.245177918
2019,11,30.75,122.75,20.09533,3.5785604,0.0021,0.5,30.41,7.207,21.916,0,0.354449044
2019,11,30.75,123,20.98065,2.5023801,0.1199,0.5,29.936,9.901,22.378,5.640632874,0
2019,11,30.75,123.25,21.62264,1.9602073,0.1183,0.5,33.149,6.604,22.325,3.811311808,4.066318204
2019,11,30.75,123.5,21.77767,1.754014,0.1171,0.5,33.163,6.801,22.233,4.766945815,4.372522795
2019,11,30.5,122.75,20.17632,3.011271,0.0628,0.5,31.843,7.826,22.279,0,7.220127035
2019,11,30.5,123,21.103,2.2569249,0.1492,0.5,32.166,7.207,21.434,8.89535824,2.83279177
2019,11,30.5,123.25,21.66198,1.9307362,0.1303,0.5,33.584,7.123,21.382,140.3943962,76.84161577
2019,11,30.5,123.5,21.832,1.7270224,0.1285,0.5,33.548,7.13,21.346,178.7069408,45.19890173
2019,11,30.5,123.75,21.88333,1.499097,0.1318,0.5,33.523,7.078,21.294,363.8156462,19.33691045
2019,11,30.25,122.5,19.69534,5.037523,0.0608,0.5,25.177,7.922,20.316,0,0
2019,11,30.25,122.75,20.267,3.3416119,0.1069,0.5,30.306,7.462,21.643,1.538432816,0
2019,11,30.25,123,21.13198,1.8315859,0.171,0.5,30.107,7.567,21.933,11.9735174,35.51503199
2019,11,30.25,123.5,21.85467,1.4662348,0.1283,0.5,33.626,6.943,21.923,23.15733757,10.18403921
2019,11,30,122.5,19.93533,6.343685,0.068,0.5,27.094,8.071,19.067,0.895157587,0
2019,11,30,123,21.485,2.0266304,0.146,0.5,33.087,7.189,21.877,106.343306,12.28040629
2019,11,30,123.5,21.87066,1.3183957,0.1307,0.5,33.693,7.242,21.776,111.4386808,41.40873492
2019,11,30,123,21.485,2.0266304,0.146,0.5,33.087,7.189,21.877,5.277895656,2.91636635
2019,11,29.75,122.5,20.26467,8.35084,0.0467,0.5,28.954,7.582,21.73,0.920090736,0
2019,11,29.75,122.75,21.05065,2.5859447,0.1141,0.5,29.102,7.619,21.879,0,0.712420237
2019,11,29.75,123,21.668,1.9716916,0.1229,0.5,33.76,7.088,21.982,55.80216616,0
2019,11,29.75,123.25,21.83767,1.4763322,0.1442,0.5,33.695,6.984,21.589,39.43110666,17.68079918
2019,11,29.75,122.25,19.892,11.697285,-0.0815,0.5,33.48,7.103,21.5855,0,0
2019,11,29.5,122.75,21.2433,2.4591866,0.0798,0.5,33.265,7.222,21.582,2.691793085,0
2019,11,29.5,123,21.749,1.2754238,0.1078,0.5,33.516,7.505,21.663,22.35196415,13.67537748
2019,11,29.5,123.25,21.92834,0.8039069,0.1374,0.5,33.61,7.13,21.582,25.06506109,4.283954293
2019,11,29.25,122.25,19.74932,7.9983435,-0.0516,0.5,27.406,7.822,20.699,0,0.723999519
2019,11,29.25,122.75,21.55233,1.9802072,0.0768,0.5,33.426,7.456,21.808,40.8640365,2.813352415
2019,11,29.25,123,21.96667,0.84642756,0.0983,0.5,33.423,7.28,21.132,106.9152162,13.44240208
2019,11,29.25,123.25,22.1273,0.76753676,0.1248,0.5,33.697,7.127,21.772,21.80255455,0
2019,11,29,122.5,21.09167,2.6209295,0.0449,0.5,33.669,7.318,20.281,34.87669389,103.2108304
2019,11,29,122.75,21.90298,1.1155299,0.0943,0.5,33.552,7.343,19.765,95.51167495,24.91254963
2019,11,29,122.25,20.131,3.4479108,-0.0313,0.5,28.403,7.817,22.055,13.77201467,12.05872474
2019,11,28.75,122,19.60665,4.160921,-0.0281,0.5,27.859,7.813,20.276,0,2.770612801
2019,11,28.75,122.5,21.47732,2.142251,0.0894,0.5,33.591,7.353,19.934,8.687073415,100.4236101
2019,11,28.75,122.75,22.13632,0.9311281,0.1224,0.5,33.558,7.076,20.02,7.814183299,88.57690477
2019,11,28.5,121.75,19.183,11.004607,0.0097,0.5,27.487,7.736,17.977,0,0
2019,11,28.5,122,19.983,3.945025,0.0221,0.5,28.21,7.226,21.934,13.77454054,0
2019,11,28.5,122.5,21.99734,1.192273,0.1413,0.5,32.977,6.648,22.09,123.8702663,174.1732559
2019,11,28.5,122.75,22.43466,0.46866763,0.1516,0.5,33.536,6.83,19.242,111.8235418,0
2019,11,28.25,122,20.656,2.787178,0.1075,0.5,32.627,6.964,22.584,376.4923183,347.5546185
2019,11,28.25,122.25,21.80032,2.1616967,0.1129,0.5,32.736,6.898,20.973,206.0578668,625.573664
2019,11,28.25,122.5,22.4333,0.8810856,0.1558,0.5,33.899,6.662,19.616,65.80357028,199.7260112
2019,11,28,121.5,19.596,9.34061,0.1163,0.5,27.109,7.489,20.26,4.643075202,0
2019,11,28,121.75,20.49667,3.922522,0.1178,0.5,29.83,7.035,22.413,8.413972742,100.9676729
2019,11,28,122,21.616,2.2729049,0.1339,0.5,33.23,6.586,21.278,74.17765787,125.7738505
2019,11,28,122.25,22.35534,1.2288048,0.1602,0.5,32.825,6.645,19.339,0,645.3910271
2019,11,28,121.75,20.49667,3.922522,0.1178,0.5,29.83,7.035,22.413,12.19978538,0
2019,11,27.75,121.75,21.38732,2.755345,0.1503,0.5,32.922,7.123,22.6,86.29528326,94.43165111
2019,11,27.75,121.25,19.78634,6.9744773,0.1306,0.5,28.462,7.459,20.508,0.832473315,0
2019,11,27.5,121.5,21.32833,2.3325222,0.1783,0.5,31.497,7.048,22.192,12.73458136,243.9923438
2019,11,27.25,120.75,19.99334,6.9232693,0.1661,0.5,30.6695,7.229,22.1345,0,0
2019,11,27.25,121,20.631,3.4043603,0.1478,0.5,29.842,7.41,22.077,0,1.431701521
2019,11,27.25,121,20.631,3.4043603,0.1478,0.5,29.842,7.41,22.077,0,0.759697652
2019,11,27,121,21.4723,2.1135979,0.1404,0.5,30.951,7.282,22.893,13.96350256,0
2019,11,27,121.25,22.295,1.7456057,0.1524,0.5,32.332,6.893,23.575,57.7210423,36.62835479
2019,11,27.5,121.75,22.1533,1.9655381,0.172,0.5,31.6415,7.0875,23.234,28.15780682,230.2812668
2019,11,27.25,121.5,22.28832,2.020077,0.1718,0.5,30.3965,30.3965,22.485,95.87627855,184.586035
2019,11,27,121.5,22.65667,1.2721264,0.1734,0.5,30.74175,7.24875,22.6555,33.78627636,0.671250524
